Workbook

Sheet Data
A1: 10 | B1: alpha | C1: 1.5 | D1: padded
A2: 20 | B2: beta | C2: 2.5 | D2: hello world
A3: 30 | B3: gamma | C3: 3.5 | D3: mIxEd CaSe
A4: 40 | B4: alpha | C4: 4.5
A5: 50 | B5: beta | C5: 5.5
A6: 60 | B6: gamma | C6: 6.5
A10: x | B10: y | C10: z
A11: 1 | B11: 2 | C11: 3

Sheet Calc
A1: SUM | B1: =SUM(Data!A1:A6) -> 210
A2: AVERAGE | B2: =AVERAGE(Data!A1:A6) -> 35
A3: COUNT | B3: =COUNT(Data!A1:A6) -> 6
A4: COUNTA | B4: =COUNTA(Data!B1:B6) -> 6
A5: MIN | B5: =MIN(Data!A1:A6) -> 10
A6: MAX | B6: =MAX(Data!A1:A6) -> 60
A7: ROUND | B7: =ROUND(2.567,2) -> 2.57
A8: ROUNDUP | B8: =ROUNDUP(2.111,2) -> 2.12
A9: ROUNDDOWN | B9: =ROUNDDOWN(2.999,2) -> 2.99
A10: ABS | B10: =ABS(-7.5) -> 7.5
A11: SQRT | B11: =SQRT(144) -> 12
A12: POWER | B12: =POWER(2,10) -> 1024
A13: MOD | B13: =MOD(17,5) -> 2
A14: SUMPRODUCT | B14: =SUMPRODUCT(Data!A1:A3,Data!C1:C3) -> 170
A15: SUBTOTAL | B15: =SUBTOTAL(9,Data!A1:A6) -> 210
A16: IF | B16: =IF(Data!A1>5,"yes","no") -> yes
A17: IFS | B17: =_xlfn.IFS(Data!A1>100,"big",Data!A1>5,"mid",TRUE(),"small") -> mid
A18: AND | B18: =AND(TRUE(),Data!A1=10) -> TRUE
A19: OR | B19: =OR(FALSE(),Data!A1=99) -> FALSE
A20: NOT | B20: =NOT(FALSE()) -> TRUE
A21: IFERROR | B21: =IFERROR(1/0,"safe") -> safe
A22: SWITCH | B22: =_xlfn.SWITCH(2,1,"one",2,"two","other") -> two
A23: VLOOKUP | B23: =VLOOKUP("beta",Data!B1:C6,2,FALSE()) -> 2.5
A24: HLOOKUP | B24: =HLOOKUP("y",Data!A10:C11,2,FALSE()) -> 2
A25: XLOOKUP | B25: =_xlfn.XLOOKUP("gamma",Data!B1:B6,Data!C1:C6) -> 3.5
A26: INDEX | B26: =INDEX(Data!A1:A6,3) -> 30
A27: MATCH | B27: =MATCH(40,Data!A1:A6,0) -> 4
A28: OFFSET | B28: =OFFSET(Data!A1,2,0) -> 30
A29: INDIRECT | B29: =INDIRECT("Data!A2") -> 20
A30: CHOOSE | B30: =CHOOSE(3,"a","b","c") -> c
A31: CONCAT | B31: =_xlfn.CONCAT(Data!B1,"-",Data!B2) -> alpha-beta
A32: TEXTJOIN | B32: =_xlfn.TEXTJOIN(",",TRUE(),Data!B1:B3) -> alpha,beta,gamma
A33: LEFT | B33: =LEFT(Data!D2,5) -> hello
A34: RIGHT | B34: =RIGHT(Data!D2,5) -> world
A35: MID | B35: =MID(Data!D2,7,5) -> world
A36: LEN | B36: =LEN(Data!D2) -> 11
A37: TRIM | B37: =TRIM(Data!D1) -> padded
A38: UPPER | B38: =UPPER(Data!D3) -> MIXED CASE
A39: LOWER | B39: =LOWER(Data!D3) -> mixed case
A40: PROPER | B40: =PROPER(Data!D3) -> Mixed Case
A41: SUBSTITUTE | B41: =SUBSTITUTE(Data!D2,"world","there") -> hello there
A42: REPLACE | B42: =REPLACE(Data!D2,1,5,"HELLO") -> HELLO world
A43: TEXT | B43: =TEXT(1234.5,"#,##0.00") -> 1,234.50
A44: VALUE | B44: =VALUE("123.45") -> 123.45
A45: DATE | B45: =DATE(2024,3,15) -> 45366
A46: YEAR | B46: =YEAR(DATE(2024,3,15)) -> 2024
A47: MONTH | B47: =MONTH(DATE(2024,3,15)) -> 3
A48: DAY | B48: =DAY(DATE(2024,3,15)) -> 15
A49: EDATE | B49: =EDATE(DATE(2024,1,31),1) -> 45351
A50: EOMONTH | B50: =EOMONTH(DATE(2024,2,10),0) -> 45351
A51: DATEDIF | B51: =DATEDIF(DATE(2024,1,1),DATE(2024,3,15),"d") -> 74
A52: WEEKDAY | B52: =WEEKDAY(DATE(2024,3,15)) -> 6
A53: NETWORKDAYS | B53: =NETWORKDAYS(DATE(2024,3,1),DATE(2024,3,15)) -> 11
A54: MEDIAN | B54: =MEDIAN(Data!A1:A6) -> 35
A55: STDEV.P | B55: =_xlfn.STDEV.P(Data!A1:A6) -> 17.078251
A56: STDEV.S | B56: =_xlfn.STDEV.S(Data!A1:A6) -> 18.708287
A57: VAR | B57: =VAR(Data!A1:A6) -> 350
A58: PERCENTILE | B58: =PERCENTILE(Data!A1:A6,0.5) -> 35
A59: QUARTILE | B59: =QUARTILE(Data!A1:A6,1) -> 22.5
A60: RANK | B60: =RANK(30,Data!A1:A6) -> 4
A61: CORREL | B61: =CORREL(Data!A1:A6,Data!C1:C6) -> 1
A62: SUMIF | B62: =SUMIF(Data!B1:B6,"alpha",Data!A1:A6) -> 50
A63: SUMIFS | B63: =SUMIFS(Data!A1:A6,Data!B1:B6,"beta") -> 70
A64: COUNTIF | B64: =COUNTIF(Data!B1:B6,"gamma") -> 2
A65: COUNTIFS | B65: =COUNTIFS(Data!B1:B6,"alpha",Data!A1:A6,">15") -> 1
A66: AVERAGEIF | B66: =AVERAGEIF(Data!B1:B6,"alpha",Data!A1:A6) -> 25
A67: AVERAGEIFS | B67: =AVERAGEIFS(Data!A1:A6,Data!B1:B6,"gamma") -> 45
A68: MAXIFS | B68: =_xlfn.MAXIFS(Data!A1:A6,Data!B1:B6,"beta") -> 50
A69: MINIFS | B69: =_xlfn.MINIFS(Data!A1:A6,Data!B1:B6,"beta") -> 20
