Workbook

Sheet Data
A1: 1 | B1: 2 | C1: 3
A2: 4 | B2: 5 | C2: 6
A3: 7 | B3: 8 | C3: 9

Sheet Precedence
A1: unary minus binds tighter than ^ | B1: =-2^2 -> 4
A2: same, with an odd exponent | B2: =-3^2 -> 9
A3: binary minus does NOT | B3: =0-2^2 -> -4
A4: binary minus after a reference | B4: =Data!A1-2^2 -> -3
A5: ^ is left-associative | B5: =2^3^2 -> 64
A6: ^ left-associative again | B6: =2^2^3 -> 64
A7: the maths reading, parenthesised | B7: =2^(2^3) -> 256
A8: parens force the maths reading | B8: =-(2^2) -> -4
A9: parenthesised negative base | B9: =(-2)^2 -> 4
A10: unary minus on both sides | B10: =-2^-2 -> 0.25
A11: negative exponent | B11: =2^-1 -> 0.5
A12: zero to the zero is 1 | B12: =0^0 -> 1
A13: ^ over * over + | B13: =1+2*3^2 -> 19
A14: unary minus then * | B14: =-2^2*3 -> 12
A15: unary minus after an operator | B15: =2*-3^2 -> 18
A16: ^ then * left to right | B16: =2^3*2 -> 16
A17: - is left-associative | B17: =1-2-3 -> -4
A18: unary minus then + | B18: =-2^2+1 -> 5
A19: % is postfix and binds tightest | B19: =50%*2 -> 1
A20: % on a whole number | B20: =100% -> 1
A21: unary minus inside a call | B21: =SUM(-2^2) -> 4
A22: negation of a reference | B22: =-Data!A2^2 -> 16
A23: & binds tighter than = | B23: ="a"&"b"="ab" -> TRUE
A24: & is left-associative | B24: =1&2&3 -> 123
A25: & result is text, not a number | B25: ="1"&2=12 -> FALSE
A26: comparison of two comparisons | B26: =1<2=(1=1) -> TRUE
A27: text comparison | B27: ="a"<"b" -> TRUE
A28: range intersection is the space | B28: =SUM(Data!A1:C1 Data!A1:A3) -> 1
A29: intersection of two columns | B29: =SUM(Data!A1:A2 Data!A2:A3) -> 4
A30: : binds tighter than the space | B30: =SUM(Data!A1:B2 Data!B2:C3) -> 5
A31: union is the comma | B31: =SUM(Data!A1:A2,Data!C1:C2) -> 14
A32: boolean vs number comparison | B32: =1<2<3 -> TRUE
A33: the same the other way round | B33: =3>2>1 -> FALSE
